1,Name,CodeName,,OverrideNameTextID,NamePrefixID,OverridePartnerSkillTextID,IsPal,Tribe,BPClass,ZukanIndex,ZukanIndexSuffix,Size,Rarity,ElementType1,ElementType2,GenusCategory,Organization,weapon,WeaponEquip,HP,MeleeAttack,ShotAttack,Defense,Support,CraftSpeed,EnemyReceiveDamageRate,CaptureRateCorrect,ExpRatio,Price,AIResponse,AISightResponse,SlowWalkSpeed,WalkSpeed,RunSpeed,RideSprintSpeed,TransportSpeed,IsBoss,IsTowerBoss,BattleBGM,IgnoreLeanBack,IgnoreBlowAway,MaxFullStomach,FullStomachDecreaseRate,FoodAmount,ViewingDistance,ViewingAngle,HearingRate,NooseTrap,Nocturnal,BiologicalGrade,Predator,Edible,Stamina,MaleProbability,CombiRank,WorkSuitability_EmitFlame,WorkSuitability_Watering,WorkSuitability_Seeding,WorkSuitability_GenerateElectricity,WorkSuitability_Handcraft,WorkSuitability_Collection,WorkSuitability_Deforest,WorkSuitability_Mining,WorkSuitability_OilExtraction,WorkSuitability_ProductMedicine,WorkSuitability_Cool,WorkSuitability_Transport,WorkSuitability_MonsterFarm,PassiveSkill1,PassiveSkill2,PassiveSkill3,PassiveSkill4,IndexOrder,UniqueOnly,Image
2,Anubis,Anubis,,None,None,None,TRUE,EPalTribeID::Anubis,Anubis,100,,EPalSizeType::M,10,EPalElementType::Earth,EPalElementType::None,EPalGenusCategoryType::Humanoid,EPalOrganizationType::None,EPalWeaponType::None,FALSE,120,130,130,100,100,100,1,1,1,4960,Warlike,None,80,160,800,1000,480,FALSE,FALSE,EPalBattleBGMType::Cool,FALSE,FALSE,400,1,6,25,90,1,FALSE,FALSE,5,TRUE,TRUE,100,50,570,0,0,0,0,4,0,0,3,0,0,0,2,0,ElementBoost_Earth_2_PAL,None,None,None,1,FALSE,
3,Incineram,Baphomet,,None,None,None,TRUE,EPalTribeID::Baphomet,Baphomet,40,,EPalSizeType::M,4,EPalElementType::Fire,EPalElementType::Dark,EPalGenusCategoryType::Humanoid,EPalOrganizationType::None,EPalWeaponType::None,FALSE,95,150,100,85,100,100,1,1,1,4780,Warlike,None,80,160,700,960,320,FALSE,FALSE,EPalBattleBGMType::Strong,FALSE,FALSE,300,1,4,25,90,1,FALSE,TRUE,4,TRUE,TRUE,100,50,590,1,0,0,0,2,0,0,1,0,0,0,2,0,None,None,None,None,2,FALSE,
4,Incineram Noct,Baphomet_Dark,,None,None,None,TRUE,EPalTribeID::Baphomet_Dark,Baphomet_Dark,40,B,EPalSizeType::M,5,EPalElementType::Dark,EPalElementType::None,EPalGenusCategoryType::Humanoid,EPalOrganizationType::None,EPalWeaponType::None,FALSE,95,150,105,85,100,100,1,1,1,4870,Warlike,None,80,160,700,960,320,FALSE,FALSE,EPalBattleBGMType::Strong,FALSE,FALSE,300,1,4,25,90,1,FALSE,TRUE,4,TRUE,TRUE,100,50,580,0,0,0,0,2,0,0,1,0,0,0,2,0,None,None,None,None,3,TRUE,
5,Mau,Bastet,,None,None,None,TRUE,EPalTribeID::Bastet,Bastet,24,,EPalSizeType::XS,1,EPalElementType::Dark,EPalElementType::None,EPalGenusCategoryType::FourLegged,EPalOrganizationType::None,EPalWeaponType::None,FALSE,70,70,60,70,100,100,1,1,1,1000,Escape_to_Battle,None,52,105,475,550,317,FALSE,FALSE,EPalBattleBGMType::Cute,FALSE,FALSE,100,1,1,25,90,1,TRUE,TRUE,0,FALSE,TRUE,100,50,1480,0,0,0,0,0,0,0,0,0,0,0,0,1,None,None,None,None,4,FALSE,
6,Mau Cryst,Bastet_Ice,,None,None,None,TRUE,EPalTribeID::Bastet_Ice,Bastet_Ice,24,B,EPalSizeType::XS,2,EPalElementType::Ice,EPalElementType::None,EPalGenusCategoryType::FourLegged,EPalOrganizationType::None,EPalWeaponType::None,FALSE,70,70,65,70,100,100,1,1,1,1010,Escape_to_Battle,None,52,105,475,550,317,FALSE,FALSE,EPalBattleBGMType::Cute,FALSE,FALSE,100,1,1,25,90,1,TRUE,FALSE,0,FALSE,TRUE,100,50,1440,0,0,0,0,0,0,0,0,0,0,1,0,1,None,None,None,None,5,TRUE,
7,Rushoar,Boar,,None,None,None,TRUE,EPalTribeID::Boar,Boar,20,,EPalSizeType::S,1,EPalElementType::Earth,EPalElementType::None,EPalGenusCategoryType::FourLegged,EPalOrganizationType::None,EPalWeaponType::None,FALSE,80,100,70,70,100,100,1.1,1,1,1680,Warlike,None,70,150,450,700,300,FALSE,FALSE,EPalBattleBGMType::Cute,FALSE,FALSE,225,1,3,25,90,1,FALSE,FALSE,1,TRUE,TRUE,100,50,1130,0,0,0,0,0,0,0,1,0,0,0,0,0,None,None,None,None,6,FALSE,
8,Lifmunk,Carbunclo,,None,None,None,TRUE,EPalTribeID::Carbunclo,Carbunclo,4,,EPalSizeType::XS,1,EPalElementType::Leaf,EPalElementType::None,EPalGenusCategoryType::Humanoid,EPalOrganizationType::None,EPalWeaponType::None,FALSE,75,70,70,70,100,100,1,0.9,1,1010,Escape,None,20,40,400,550,250,FALSE,FALSE,EPalBattleBGMType::Cute,FALSE,FALSE,100,1,1,25,90,1,TRUE,FALSE,0,FALSE,TRUE,100,50,1430,0,0,1,0,1,1,1,0,0,1,0,0,0,None,None,None,None,7,FALSE,
9,Tocotoco,ColorfulBird,,None,None,None,TRUE,EPalTribeID::ColorfulBird,ColorfulBird,27,,EPalSizeType::S,1,EPalElementType::Normal,EPalElementType::None,EPalGenusCategoryType::Bird,EPalOrganizationType::None,EPalWeaponType::None,FALSE,60,80,75,70,70,100,1,1,1,1090,Warlike,None,30,60,300,550,170,FALSE,FALSE,EPalBattleBGMType::Cute,FALSE,FALSE,150,1,2,25,90,1,FALSE,FALSE,0,TRUE,TRUE,100,50,1340,0,0,0,0,0,1,0,0,0,0,0,0,0,None,None,None,None,8,FALSE,
10,Eikthyrdeer,Deer,,None,None,None,TRUE,EPalTribeID::Deer,Deer,37,,EPalSizeType::L,4,EPalElementType::Normal,EPalElementType::None,EPalGenusCategoryType::FourLegged,EPalOrganizationType::None,EPalWeaponType::None,FALSE,95,70,80,80,100,100,1,1,1,2620,Escape_to_Battle,None,80,120,700,900,390,FALSE,FALSE,EPalBattleBGMType::Cute,FALSE,FALSE,350,1,5,25,90,1,FALSE,FALSE,0,FALSE,TRUE,100,50,920,0,0,0,0,0,0,2,0,0,0,0,0,0,None,None,None,None,9,FALSE,
11,Eikthyrdeer Terra,Deer_Ground,,None,None,None,TRUE,EPalTribeID::Deer_Ground,Deer_Ground,37,B,EPalSizeType::L,6,EPalElementType::Earth,EPalElementType::None,EPalGenusCategoryType::FourLegged,EPalOrganizationType::None,EPalWeaponType::None,FALSE,95,70,80,80,100,100,1,1,1,2680,Escape_to_Battle,None,80,120,700,900,390,FALSE,FALSE,EPalBattleBGMType::Cute,FALSE,FALSE,350,1,5,25,90,1,FALSE,FALSE,0,FALSE,TRUE,100,50,900,0,0,0,0,0,0,2,0,0,0,0,0,0,None,None,None,None,10,TRUE,
12,Digtoise,DrillGame,,None,None,None,TRUE,EPalTribeID::DrillGame,DrillGame,67,,EPalSizeType::M,5,EPalElementType::Earth,EPalElementType::None,EPalGenusCategoryType::FourLegged,EPalOrganizationType::None,EPalWeaponType::None,FALSE,80,80,95,120,100,100,1,1,1,2980,Warlike,None,75,120,300,420,190,FALSE,FALSE,EPalBattleBGMType::Cool,FALSE,FALSE,350,1,5,25,90,1,FALSE,FALSE,5,TRUE,TRUE,100,50,850,0,0,0,0,0,0,0,3,0,0,0,0,0,Deffence_up1,None,None,None,11,FALSE,
13,Galeclaw,Eagle,,None,None,None,TRUE,EPalTribeID::Eagle,Eagle,47,,EPalSizeType::M,2,EPalElementType::Normal,EPalElementType::None,EPalGenusCategoryType::Bird,EPalOrganizationType::None,EPalWeaponType::None,FALSE,75,120,85,60,100,100,1,1,1,2010,Warlike,None,100,200,600,700,400,FALSE,FALSE,EPalBattleBGMType::Cute,FALSE,FALSE,300,1,4,25,90,1,FALSE,FALSE,1,TRUE,TRUE,100,50,1030,0,0,0,0,0,2,0,0,0,0,0,0,0,None,None,None,None,12,FALSE,
14,Grizzbolt,ElecPanda,,None,None,None,TRUE,EPalTribeID::ElecPanda,ElecPanda,103,B,EPalSizeType::L,8,EPalElementType::Electricity,EPalElementType::None,EPalGenusCategoryType::Humanoid,EPalOrganizationType::None,EPalWeaponType::None,FALSE,105,120,100,100,100,100,1,1,1,7720,Warlike,None,80,140,470,550,210,FALSE,FALSE,EPalBattleBGMType::Cool,FALSE,FALSE,475,1,7,25,90,1,FALSE,FALSE,5,TRUE,TRUE,100,50,200,0,0,0,3,2,0,2,0,0,0,0,3,0,None,None,None,None,13,TRUE,
15,Teafant,Ganesha,,None,None,None,TRUE,EPalTribeID::Ganesha,Ganesha,16,,EPalSizeType::M,1,EPalElementType::Water,EPalElementType::None,EPalGenusCategoryType::FourLegged,EPalOrganizationType::None,EPalWeaponType::None,FALSE,70,70,60,70,100,100,1.6,1.3,1,1000,Escape_to_Battle,None,30,60,300,400,180,FALSE,FALSE,EPalBattleBGMType::Cute,FALSE,FALSE,150,1,2,25,90,1,FALSE,FALSE,0,FALSE,TRUE,100,50,1490,0,1,0,0,0,0,0,0,0,0,0,0,0,None,None,None,None,14,FALSE,
16,Direhowl,Garm,,None,None,None,TRUE,EPalTribeID::Garm,Garm,26,,EPalSizeType::S,2,EPalElementType::Normal,EPalElementType::None,EPalGenusCategoryType::FourLegged,EPalOrganizationType::None,EPalWeaponType::None,FALSE,80,110,90,75,100,100,1,1,1,1920,Warlike,None,90,180,800,950,460,FALSE,FALSE,EPalBattleBGMType::Cute,FALSE,FALSE,225,1,3,25,90,1,FALSE,FALSE,3,TRUE,TRUE,100,50,1060,0,0,0,0,0,1,0,0,0,0,0,0,0,None,None,None,None,15,FALSE,
17,Gorirat,Gorilla,,None,None,None,TRUE,EPalTribeID::Gorilla,Gorilla,49,,EPalSizeType::S,5,EPalElementType::Normal,EPalElementType::None,EPalGenusCategoryType::Humanoid,EPalOrganizationType::None,EPalWeaponType::None,FALSE,90,110,95,90,100,100,1,1,1,2010,Warlike,None,66,100,550,720,250,FALSE,FALSE,EPalBattleBGMType::Cool,FALSE,FALSE,225,1,3,25,90,1,FALSE,FALSE,3,TRUE,TRUE,100,50,1040,0,0,0,0,1,0,2,0,0,0,0,3,0,PAL_rude,None,None,None,16,FALSE,
18,Jolthog,Hedgehog,,None,None,None,TRUE,EPalTribeID::Hedgehog,Hedgehog,12,,EPalSizeType::XS,1,EPalElementType::Electricity,EPalElementType::None,EPalGenusCategoryType::FourLegged,EPalOrganizationType::None,EPalWeaponType::None,FALSE,70,70,75,70,100,100,1.3,1.2,1,1060,Escape_to_Battle,None,30,60,400,550,215,FALSE,FALSE,EPalBattleBGMType::Cute,FALSE,FALSE,150,1,2,25,90,1,TRUE,FALSE,0,FALSE,TRUE,100,50,1370,0,0,0,1,0,0,0,0,0,0,0,0,0,None,None,None,None,17,FALSE,
19,Jolthog Cryst,Hedgehog_Ice,,None,None,None,TRUE,EPalTribeID::Hedgehog_Ice,Hedgehog_Ice,12,B,EPalSizeType::XS,2,EPalElementType::Ice,EPalElementType::None,EPalGenusCategoryType::FourLegged,EPalOrganizationType::None,EPalWeaponType::None,FALSE,70,70,75,80,100,100,1,1,1,1070,Escape_to_Battle,None,30,60,400,550,215,FALSE,FALSE,EPalBattleBGMType::Cute,FALSE,FALSE,150,1,2,25,90,1,TRUE,FALSE,0,FALSE,TRUE,100,50,1360,0,0,0,0,0,0,0,0,0,0,1,0,0,None,None,None,None,18,TRUE,
20,Univolt,Kirin,,None,None,None,TRUE,EPalTribeID::Kirin,Kirin,56,,EPalSizeType::M,5,EPalElementType::Electricity,EPalElementType::None,EPalGenusCategoryType::FourLegged,EPalOrganizationType::None,EPalWeaponType::None,FALSE,80,110,105,105,100,100,1,0.9,1,4280,NotInterested,None,80,130,720,1000,425,FALSE,FALSE,EPalBattleBGMType::Cool,FALSE,FALSE,350,1,5,25,90,1,FALSE,FALSE,5,FALSE,TRUE,100,50,680,0,0,0,2,0,0,1,0,0,0,0,0,0,None,None,None,None,19,FALSE,
21,Foxparks,Kitsunebi,,None,None,None,TRUE,EPalTribeID::Kitsunebi,Kitsunebi,5,,EPalSizeType::XS,1,EPalElementType::Fire,EPalElementType::None,EPalGenusCategoryType::FourLegged,EPalOrganizationType::None,EPalWeaponType::None,FALSE,65,70,75,70,100,100,1.3,1.1,1,1040,Escape_to_Battle,None,40,80,400,550,240,FALSE,FALSE,EPalBattleBGMType::Cute,FALSE,FALSE,150,1,2,25,90,1,TRUE,FALSE,0,FALSE,TRUE,100,50,1400,1,0,0,0,0,0,0,0,0,0,0,0,0,None,None,None,None,20,FALSE,
22,Bristla,LittleBriarRose,,None,None,None,TRUE,EPalTribeID::LittleBriarRose,LittleBriarRose,30,,EPalSizeType::S,1,EPalElementType::Leaf,EPalElementType::None,EPalGenusCategoryType::Humanoid,EPalOrganizationType::None,EPalWeaponType::None,FALSE,80,80,80,80,100,100,1,1,1,1140,Escape_to_Battle,None,50,100,400,550,250,FALSE,FALSE,EPalBattleBGMType::Cute,FALSE,FALSE,350,1,5,25,90,1,FALSE,FALSE,0,FALSE,TRUE,100,50,1320,0,0,1,0,1,1,0,0,0,2,0,1,0,None,None,None,None,21,FALSE,
23,Lunaris,Mutant,,None,None,None,TRUE,EPalTribeID::Mutant,Mutant,63,,EPalSizeType::M,6,EPalElementType::Normal,EPalElementType::None,EPalGenusCategoryType::Humanoid,EPalOrganizationType::None,EPalWeaponType::None,FALSE,90,80,100,90,100,100,1,1,1,1760,NotInterested,None,80,130,500,650,315,FALSE,FALSE,EPalBattleBGMType::Cool,FALSE,FALSE,150,1,2,25,90,1,FALSE,FALSE,3,FALSE,TRUE,100,50,1110,0,0,0,0,3,1,0,0,0,0,0,1,0,None,None,None,None,22,FALSE,
24,Pengullet,Penguin,,None,None,None,TRUE,EPalTribeID::Penguin,Penguin,10,,EPalSizeType::XS,1,EPalElementType::Water,EPalElementType::Ice,EPalGenusCategoryType::Humanoid,EPalOrganizationType::None,EPalWeaponType::None,FALSE,70,70,75,70,100,100,1,0.9,1,1080,Escape_to_Battle,None,30,60,500,650,265,FALSE,FALSE,EPalBattleBGMType::Cute,FALSE,FALSE,150,1,2,25,90,1,TRUE,FALSE,0,FALSE,TRUE,100,50,1350,0,1,0,0,1,0,0,0,0,0,1,1,0,None,None,None,None,23,FALSE,
25,Dazzi,RaijinDaughter,,None,None,None,TRUE,EPalTribeID::RaijinDaughter,RaijinDaughter,62,,EPalSizeType::XS,2,EPalElementType::Electricity,EPalElementType::None,EPalGenusCategoryType::Humanoid,EPalOrganizationType::None,EPalWeaponType::None,FALSE,70,110,80,70,100,100,1,1,1,1390,Escape_to_Battle,None,120,200,400,550,300,FALSE,FALSE,EPalBattleBGMType::Cute,FALSE,FALSE,150,1,2,25,90,1,FALSE,FALSE,0,FALSE,TRUE,100,20,1210,0,0,0,1,1,0,0,0,0,0,0,1,0,None,None,None,None,24,FALSE,
26,Gobfin,SharkKid,,None,None,None,TRUE,EPalTribeID::SharkKid,SharkKid,31,,EPalSizeType::S,2,EPalElementType::Water,EPalElementType::None,EPalGenusCategoryType::Humanoid,EPalOrganizationType::None,EPalWeaponType::None,FALSE,90,90,90,75,100,100,1,1,1,1840,Warlike,None,50,80,400,500,120,FALSE,FALSE,EPalBattleBGMType::Cute,FALSE,FALSE,225,1,3,25,90,1,FALSE,FALSE,3,TRUE,TRUE,100,50,1090,0,2,0,0,1,0,0,0,0,0,0,1,0,None,None,None,None,25,FALSE,
27,Gobfin Ignis,SharkKid_Fire,,None,None,None,TRUE,EPalTribeID::SharkKid_Fire,SharkKid_Fire,31,B,EPalSizeType::S,3,EPalElementType::Fire,EPalElementType::None,EPalGenusCategoryType::Humanoid,EPalOrganizationType::None,EPalWeaponType::None,FALSE,90,90,90,75,100,100,1,1,1,1800,Warlike,None,50,80,400,500,120,FALSE,FALSE,EPalBattleBGMType::Cute,FALSE,FALSE,225,1,3,25,90,1,FALSE,FALSE,3,TRUE,TRUE,100,50,1100,2,0,0,0,1,0,0,0,0,0,0,1,0,None,None,None,None,26,TRUE,
28,Lamball,SheepBall,,None,None,None,TRUE,EPalTribeID::SheepBall,SheepBall,1,,EPalSizeType::XS,1,EPalElementType::Normal,EPalElementType::None,EPalGenusCategoryType::Humanoid,EPalOrganizationType::None,EPalWeaponType::None,FALSE,70,70,70,70,100,100,2,1.5,1,1000,Friendly,None,23,40,400,550,160,FALSE,FALSE,EPalBattleBGMType::Cute,FALSE,FALSE,150,1,2,25,90,1,TRUE,FALSE,0,FALSE,TRUE,100,50,1470,0,0,0,0,1,0,0,0,0,0,0,1,1,None,None,None,None,27,FALSE,
29,Jormuntide,Umihebi,,None,None,None,TRUE,EPalTribeID::Umihebi,Umihebi,101,,EPalSizeType::XL,8,EPalElementType::Dragon,EPalElementType::Water,EPalGenusCategoryType::Fish,EPalOrganizationType::None,EPalWeaponType::None,FALSE,130,150,120,100,100,100,1,1,1,9320,Warlike,None,100,175,525,700,350,FALSE,FALSE,EPalBattleBGMType::Strong,FALSE,FALSE,475,1,7,25,90,1,FALSE,FALSE,5,TRUE,TRUE,100,50,310,0,4,0,0,0,0,0,0,0,0,0,0,0,ElementBoost_Aqua_2_PAL,None,None,None,28,FALSE,
30,Jormuntide Ignis,Umihebi_Fire,,None,None,None,TRUE,EPalTribeID::Umihebi_Fire,Umihebi_Fire,101,B,EPalSizeType::XL,9,EPalElementType::Dragon,EPalElementType::Fire,EPalGenusCategoryType::Fish,EPalOrganizationType::None,EPalWeaponType::None,FALSE,130,150,130,100,100,100,1,1,1,9500,Warlike,None,100,175,525,700,350,FALSE,FALSE,EPalBattleBGMType::Strong,FALSE,FALSE,475,1,7,25,90,1,FALSE,FALSE,5,TRUE,TRUE,100,50,315,4,0,0,0,0,0,0,0,0,0,0,0,0,None,None,None,None,29,TRUE,
31,Loupmoon,Werewolf,,None,None,None,TRUE,EPalTribeID::Werewolf,Werewolf,46,,EPalSizeType::M,3,EPalElementType::Dark,EPalElementType::None,EPalGenusCategoryType::Humanoid,EPalOrganizationType::None,EPalWeaponType::None,FALSE,80,130,100,80,100,100,1,1,1,2400,Warlike,None,100,150,600,800,375,FALSE,FALSE,EPalBattleBGMType::Cool,FALSE,FALSE,350,1,5,25,90,1,FALSE,TRUE,3,TRUE,TRUE,100,50,950,0,0,0,0,2,0,0,0,0,0,0,0,0,None,None,None,None,30,FALSE,
32,Hangyu,WindChimes,,None,None,None,TRUE,EPalTribeID::WindChimes,WindChimes,32,,EPalSizeType::XS,1,EPalElementType::Earth,EPalElementType::None,EPalGenusCategoryType::Other,EPalOrganizationType::None,EPalWeaponType::None,FALSE,80,70,70,70,100,100,1,1,1,1020,Escape_to_Battle,None,50,100,400,550,250,FALSE,FALSE,EPalBattleBGMType::Cute,FALSE,FALSE,150,1,2,25,90,1,FALSE,FALSE,0,FALSE,TRUE,100,50,1420,0,0,0,0,1,1,0,0,0,0,0,2,0,None,None,None,None,31,FALSE,
33,Hangyu Cryst,WindChimes_Ice,,None,None,None,TRUE,EPalTribeID::WindChimes_Ice,WindChimes_Ice,32,B,EPalSizeType::XS,2,EPalElementType::Ice,EPalElementType::None,EPalGenusCategoryType::Other,EPalOrganizationType::None,EPalWeaponType::None,FALSE,80,70,80,70,100,100,1,1,1,1020,Escape_to_Battle,None,50,100,400,550,250,FALSE,FALSE,EPalBattleBGMType::Cute,FALSE,FALSE,150,1,2,25,90,1,FALSE,FALSE,0,FALSE,TRUE,100,50,1422,0,0,0,0,1,1,0,0,0,0,1,2,0,None,None,None,None,32,TRUE,
34,Suzaku,Suzaku,,None,None,None,TRUE,EPalTribeID::Suzaku,Suzaku,102,,EPalSizeType::XL,8,EPalElementType::Fire,EPalElementType::None,EPalGenusCategoryType::Bird,EPalOrganizationType::None,EPalWeaponType::None,FALSE,120,100,105,105,100,100,1,1,1,9840,Warlike,None,100,200,850,1000,450,FALSE,FALSE,EPalBattleBGMType::Strong,FALSE,FALSE,525,1,8,25,90,1,FALSE,FALSE,5,FALSE,TRUE,280,50,50,3,0,0,0,0,0,0,0,0,0,0,0,0,None,None,None,None,33,FALSE,
35,Suzaku Aqua,Suzaku_Water,,None,None,None,TRUE,EPalTribeID::Suzaku_Water,Suzaku_Water,102,B,EPalSizeType::XL,9,EPalElementType::Water,EPalElementType::None,EPalGenusCategoryType::Bird,EPalOrganizationType::None,EPalWeaponType::None,FALSE,125,100,105,105,100,100,1,1,1,10110,Warlike,None,100,200,850,1000,450,FALSE,FALSE,EPalBattleBGMType::Strong,FALSE,FALSE,525,1,8,25,90,1,FALSE,FALSE,5,FALSE,TRUE,280,50,30,0,3,0,0,0,0,0,0,0,0,0,0,0,None,None,None,None,34,TRUE,
36,Pyrin,FireKirin,,None,None,None,TRUE,EPalTribeID::FireKirin,FireKirin,58,,EPalSizeType::L,6,EPalElementType::Fire,EPalElementType::None,EPalGenusCategoryType::FourLegged,EPalOrganizationType::None,EPalWeaponType::None,FALSE,100,110,95,90,100,100,1,1,1,6720,Warlike,None,100,150,850,1100,500,FALSE,FALSE,EPalBattleBGMType::Cool,FALSE,FALSE,350,1,5,25,90,1,FALSE,FALSE,5,FALSE,TRUE,100,50,360,2,0,0,0,0,0,1,0,0,0,0,0,0,None,None,None,None,35,FALSE,
37,Pyrin Noct,FireKirin_Dark,,None,None,None,TRUE,EPalTribeID::FireKirin_Dark,FireKirin_Dark,58,B,EPalSizeType::L,7,EPalElementType::Fire,EPalElementType::Dark,EPalGenusCategoryType::FourLegged,EPalOrganizationType::None,EPalWeaponType::None,FALSE,100,110,95,90,100,100,1,1,1,7270,Warlike,None,100,150,850,1100,500,FALSE,FALSE,EPalBattleBGMType::Cool,FALSE,FALSE,350,1,5,25,90,1,FALSE,TRUE,5,FALSE,TRUE,100,50,240,2,0,0,0,0,0,1,0,0,0,0,0,0,None,None,None,None,36,TRUE,
38,Elphidran,FairyDragon,,None,None,None,TRUE,EPalTribeID::FairyDragon,FairyDragon,80,,EPalSizeType::L,7,EPalElementType::Dragon,EPalElementType::None,EPalGenusCategoryType::Humanoid,EPalOrganizationType::None,EPalWeaponType::None,FALSE,110,80,80,90,100,100,1,1,1,5230,Escape_to_Battle,None,83,83,630,800,456,FALSE,FALSE,EPalBattleBGMType::Cool,FALSE,FALSE,400,1,6,25,90,1,FALSE,FALSE,5,FALSE,TRUE,130,50,540,0,0,0,0,0,0,2,0,0,0,0,0,0,None,None,None,None,37,FALSE,
39,Elphidran Aqua,FairyDragon_Water,,None,None,None,TRUE,EPalTribeID::FairyDragon_Water,FairyDragon_Water,80,B,EPalSizeType::L,8,EPalElementType::Dragon,EPalElementType::Water,EPalGenusCategoryType::Humanoid,EPalOrganizationType::None,EPalWeaponType::None,FALSE,115,80,80,95,100,100,1,1,1,5320,Escape_to_Battle,None,83,83,630,800,456,FALSE,FALSE,EPalBattleBGMType::Cool,FALSE,FALSE,400,1,6,25,90,1,FALSE,FALSE,5,FALSE,TRUE,130,50,530,0,3,0,0,0,0,2,0,0,0,0,0,0,None,None,None,None,38,TRUE,
40,Woolipop,SweetsSheep,,None,None,None,TRUE,EPalTribeID::SweetsSheep,SweetsSheep,34,,EPalSizeType::S,3,EPalElementType::Normal,EPalElementType::None,EPalGenusCategoryType::FourLegged,EPalOrganizationType::None,EPalWeaponType::None,FALSE,70,70,70,90,100,100,1,1,1,1450,Escape_to_Battle,None,50,100,300,400,200,FALSE,FALSE,EPalBattleBGMType::Cute,FALSE,FALSE,150,1,2,25,90,1,FALSE,FALSE,0,FALSE,TRUE,100,50,1190,0,0,0,0,0,0,0,0,0,0,0,0,1,None,None,None,None,39,FALSE,
41,Cryolinx,WhiteTiger,,None,None,None,TRUE,EPalTribeID::WhiteTiger,WhiteTiger,83,,EPalSizeType::L,7,EPalElementType::Ice,EPalElementType::None,EPalGenusCategoryType::Humanoid,EPalOrganizationType::None,EPalWeaponType::None,FALSE,100,140,100,110,100,100,1,1,1,8440,Warlike,None,100,280,720,900,460,FALSE,FALSE,EPalBattleBGMType::Strong,FALSE,FALSE,475,1,7,25,90,1,FALSE,FALSE,5,TRUE,TRUE,100,50,130,0,0,0,0,1,0,2,0,0,0,3,0,0,None,None,None,None,40,FALSE,
42,Melpaca,Alpaca,,None,None,None,TRUE,EPalTribeID::Alpaca,Alpaca,36,,EPalSizeType::M,3,EPalElementType::Normal,EPalElementType::None,EPalGenusCategoryType::FourLegged,EPalOrganizationType::None,EPalWeaponType::None,FALSE,90,90,75,90,100,100,1.1,1,1,2740,Escape_to_Battle,None,62,62,460,600,261,FALSE,FALSE,EPalBattleBGMType::Cute,FALSE,FALSE,225,1,3,25,90,1,FALSE,FALSE,0,FALSE,TRUE,100,50,890,0,0,0,0,0,0,0,0,0,0,0,0,1,None,None,None,None,41,FALSE,
43,Surfent,Serpent,,None,None,None,TRUE,EPalTribeID::Serpent,Serpent,65,,EPalSizeType::M,4,EPalElementType::Water,EPalElementType::None,EPalGenusCategoryType::Fish,EPalOrganizationType::None,EPalWeaponType::None,FALSE,90,70,90,80,100,100,1,1,1,5050,Warlike,None,100,200,500,650,350,FALSE,FALSE,EPalBattleBGMType::Cool,FALSE,FALSE,350,1,5,25,90,1,FALSE,FALSE,3,TRUE,TRUE,100,50,560,0,2,0,0,0,0,0,0,0,0,0,0,0,None,None,None,None,42,FALSE,
44,Surfent Terra,Serpent_Ground,,None,None,None,TRUE,EPalTribeID::Serpent_Ground,Serpent_Ground,65,B,EPalSizeType::M,5,EPalElementType::Earth,EPalElementType::None,EPalGenusCategoryType::Fish,EPalOrganizationType::None,EPalWeaponType::None,FALSE,90,70,90,100,100,100,1,1,1,5140,Warlike,None,100,200,500,650,350,FALSE,FALSE,EPalBattleBGMType::Cool,FALSE,FALSE,350,1,5,25,90,1,FALSE,FALSE,3,TRUE,TRUE,100,50,550,0,0,0,0,0,1,0,0,0,0,0,0,0,None,None,None,None,43,TRUE,
45,Cawgnito,DarkCrow,,None,None,None,TRUE,EPalTribeID::DarkCrow,DarkCrow,44,,EPalSizeType::M,3,EPalElementType::Dark,EPalElementType::None,EPalGenusCategoryType::Bird,EPalOrganizationType::None,EPalWeaponType::None,FALSE,75,80,95,80,100,100,1,1,1,1840,NotInterested,None,85,170,920,1200,545,FALSE,FALSE,EPalBattleBGMType::Cool,FALSE,FALSE,350,1,5,25,90,1,FALSE,TRUE,3,TRUE,TRUE,100,50,1080,0,0,0,0,0,0,1,0,0,0,0,0,0,None,None,None,None,44,FALSE,
46,Azurobe,BlueDragon,,None,None,None,TRUE,EPalTribeID::BlueDragon,BlueDragon,82,,EPalSizeType::L,7,EPalElementType::Water,EPalElementType::Dragon,EPalGenusCategoryType::Fish,EPalOrganizationType::None,EPalWeaponType::None,FALSE,110,70,100,100,100,100,1,1,1,5600,Escape_to_Battle,None,75,150,600,800,350,FALSE,FALSE,EPalBattleBGMType::Cool,FALSE,FALSE,400,1,6,25,90,1,FALSE,FALSE,5,FALSE,TRUE,100,50,500,0,3,0,0,0,0,0,0,0,0,0,0,0,None,None,None,None,45,FALSE,
47,Cattiva,PinkCat,,None,None,None,TRUE,EPalTribeID::PinkCat,PinkCat,2,,EPalSizeType::XS,1,EPalElementType::Normal,EPalElementType::None,EPalGenusCategoryType::Humanoid,EPalOrganizationType::None,EPalWeaponType::None,FALSE,70,70,70,70,100,100,2,1.5,1,1000,Escape_to_Battle,None,30,60,400,550,160,FALSE,FALSE,EPalBattleBGMType::Cute,FALSE,FALSE,150,1,2,25,90,1,TRUE,FALSE,0,FALSE,TRUE,100,50,1460,0,0,0,0,1,1,0,1,0,0,0,1,0,PAL_ALLAttack_down1,None,None,None,46,FALSE,
48,Depresso,NegativeKoala,,None,None,None,TRUE,EPalTribeID::NegativeKoala,NegativeKoala,17,,EPalSizeType::XS,1,EPalElementType::Dark,EPalElementType::None,EPalGenusCategoryType::Humanoid,EPalOrganizationType::None,EPalWeaponType::None,FALSE,70,70,70,70,100,100,1.2,1,1,1050,Warlike,None,10,10,300,400,100,FALSE,FALSE,EPalBattleBGMType::Cute,FALSE,FALSE,150,1,2,25,90,1,TRUE,TRUE,0,FALSE,TRUE,100,50,1380,0,0,0,0,1,0,0,1,0,0,0,1,0,None,None,None,None,47,FALSE,
49,Fenglope,FengyunDeeper,,None,None,None,TRUE,EPalTribeID::FengyunDeeper,FengyunDeeper,93,,EPalSizeType::S,3,EPalElementType::Normal,EPalElementType::None,EPalGenusCategoryType::FourLegged,EPalOrganizationType::None,EPalWeaponType::None,FALSE,110,110,110,90,100,100,1,1,1,2250,NotInterested,None,85,100,750,950,417,FALSE,FALSE,EPalBattleBGMType::Cute,FALSE,FALSE,400,1,6,25,90,1,FALSE,FALSE,5,FALSE,TRUE,100,50,980,0,0,0,0,0,0,2,0,0,0,0,0,0,None,None,None,None,48,FALSE,
50,Reptyro,VolcanicMonster,,None,None,None,TRUE,EPalTribeID::VolcanicMonster,VolcanicMonster,88,,EPalSizeType::L,6,EPalElementType::Fire,EPalElementType::Earth,EPalGenusCategoryType::FourLegged,EPalOrganizationType::None,EPalWeaponType::None,FALSE,110,100,105,120,100,100,1,1,1,6940,Warlike,None,50,80,390,550,235,FALSE,FALSE,EPalBattleBGMType::Strong,FALSE,FALSE,350,1,5,25,90,1,FALSE,FALSE,5,TRUE,TRUE,100,50,320,3,0,0,0,0,0,0,3,0,0,0,0,0,None,None,None,None,49,FALSE,
51,Ice Reptyro,VolcanicMonster_Ice,,None,None,None,TRUE,EPalTribeID::VolcanicMonster_Ice,VolcanicMonster_Ice,88,B,EPalSizeType::L,7,EPalElementType::Ice,EPalElementType::Earth,EPalGenusCategoryType::FourLegged,EPalOrganizationType::None,EPalWeaponType::None,FALSE,110,100,105,130,100,100,1,1,1,7380,Warlike,None,50,80,390,550,235,FALSE,FALSE,EPalBattleBGMType::Strong,FALSE,FALSE,350,1,5,25,90,1,FALSE,FALSE,5,TRUE,TRUE,100,50,230,0,0,0,0,0,0,0,3,0,0,3,0,0,None,None,None,None,50,TRUE,
52,Maraith,GhostBeast,,None,None,None,TRUE,EPalTribeID::GhostBeast,GhostBeast,66,,EPalSizeType::M,6,EPalElementType::Dark,EPalElementType::None,EPalGenusCategoryType::FourLegged,EPalOrganizationType::None,EPalWeaponType::None,FALSE,75,50,105,80,100,100,1,1,1,1570,Warlike,None,100,160,600,800,365,FALSE,FALSE,EPalBattleBGMType::Strong,FALSE,FALSE,225,1,3,25,90,1,FALSE,TRUE,5,TRUE,TRUE,100,50,1150,0,0,0,0,0,2,0,1,0,0,0,0,0,None,None,None,None,51,FALSE,
53,Robinquill,RobinHood,,None,None,None,TRUE,EPalTribeID::RobinHood,RobinHood,48,,EPalSizeType::M,5,EPalElementType::Leaf,EPalElementType::None,EPalGenusCategoryType::Humanoid,EPalOrganizationType::None,EPalWeaponType::None,FALSE,90,100,105,80,100,100,1,1,1,2050,Warlike,None,100,100,600,750,400,FALSE,FALSE,EPalBattleBGMType::Cool,FALSE,FALSE,225,1,3,25,90,1,FALSE,FALSE,3,FALSE,TRUE,100,50,1020,0,0,1,0,2,2,1,0,0,1,0,2,0,None,None,None,None,52,FALSE,
54,Robinquill Terra,RobinHood_Ground,,None,None,None,TRUE,EPalTribeID::RobinHood_Ground,RobinHood_Ground,48,B,EPalSizeType::M,6,EPalElementType::Leaf,EPalElementType::Earth,EPalGenusCategoryType::Humanoid,EPalOrganizationType::None,EPalWeaponType::None,FALSE,90,100,105,80,100,100,1,1,1,2150,Warlike,None,100,100,600,750,400,FALSE,FALSE,EPalBattleBGMType::Cool,FALSE,FALSE,225,1,3,25,90,1,FALSE,FALSE,3,FALSE,TRUE,100,50,1000,0,0,0,0,2,2,1,0,0,1,0,2,0,None,None,None,None,53,TRUE,
55,Relaxaurus,LazyDragon,,None,None,None,TRUE,EPalTribeID::LazyDragon,LazyDragon,85,,EPalSizeType::XL,8,EPalElementType::Dragon,EPalElementType::Water,EPalGenusCategoryType::Monster,EPalOrganizationType::None,EPalWeaponType::None,FALSE,110,110,100,70,100,100,1,1,1,10240,Warlike,None,40,60,650,800,150,FALSE,FALSE,EPalBattleBGMType::Cute,FALSE,FALSE,475,1,7,25,90,1,FALSE,FALSE,5,TRUE,TRUE,100,50,280,0,2,0,0,0,0,0,0,0,0,0,1,0,PAL_FullStomach_Up_1,None,None,None,54,FALSE,
56,Relaxaurus Lux,LazyDragon_Electric,,None,None,None,TRUE,EPalTribeID::LazyDragon_Electric,LazyDragon_Electric,85,B,EPalSizeType::XL,9,EPalElementType::Dragon,EPalElementType::Electricity,EPalGenusCategoryType::Monster,EPalOrganizationType::None,EPalWeaponType::None,FALSE,110,110,110,75,100,100,1,1,1,10380,Warlike,None,40,60,650,800,150,FALSE,FALSE,EPalBattleBGMType::Cute,FALSE,FALSE,475,1,7,25,90,1,FALSE,FALSE,5,TRUE,TRUE,100,50,270,0,0,0,3,0,0,0,0,0,0,0,1,0,None,None,None,None,55,TRUE,
57,Kitsun,AmaterasuWolf,,None,None,None,TRUE,EPalTribeID::AmaterasuWolf,AmaterasuWolf,61,,EPalSizeType::M,6,EPalElementType::Fire,EPalElementType::None,EPalGenusCategoryType::FourLegged,EPalOrganizationType::None,EPalWeaponType::None,FALSE,100,70,115,100,110,100,1,1,1,3170,NotInterested,None,80,130,700,900,415,FALSE,FALSE,EPalBattleBGMType::Cool,FALSE,FALSE,300,1,4,25,90,1,FALSE,FALSE,5,TRUE,TRUE,100,50,830,2,0,0,0,0,0,0,0,0,0,0,0,0,None,None,None,None,56,FALSE,
58,Leezpunk,LizardMan,,None,None,None,TRUE,EPalTribeID::LizardMan,LizardMan,45,,EPalSizeType::S,2,EPalElementType::Dark,EPalElementType::None,EPalGenusCategoryType::Humanoid,EPalOrganizationType::None,EPalWeaponType::None,FALSE,80,90,80,50,100,100,1,1,1,1720,Warlike,None,100,140,600,800,270,FALSE,FALSE,EPalBattleBGMType::Cute,FALSE,FALSE,225,1,3,25,90,1,FALSE,TRUE,1,TRUE,TRUE,100,50,1120,0,0,0,0,1,1,0,0,0,0,0,1,0,None,None,None,None,57,FALSE,
59,Leezpunk Ignis,LizardMan_Fire,,None,None,None,TRUE,EPalTribeID::LizardMan_Fire,LizardMan_Fire,45,B,EPalSizeType::S,3,EPalElementType::Fire,EPalElementType::None,EPalGenusCategoryType::Humanoid,EPalOrganizationType::None,EPalWeaponType::None,FALSE,80,90,80,50,100,100,1,1,1,1640,Warlike,None,100,140,400,550,270,FALSE,FALSE,EPalBattleBGMType::Cute,FALSE,FALSE,225,1,3,25,90,1,FALSE,FALSE,1,TRUE,TRUE,100,50,1140,1,0,0,0,1,1,0,0,0,0,0,1,0,None,None,None,None,58,TRUE,
60,Fuack,BluePlatypus,,None,None,None,TRUE,EPalTribeID::Blueplatypus,BluePlatypus,6,,EPalSizeType::XS,1,EPalElementType::Water,EPalElementType::None,EPalGenusCategoryType::Humanoid,EPalOrganizationType::None,EPalWeaponType::None,FALSE,60,80,80,60,100,100,1.3,1.1,1,1120,Escape_to_Battle,None,70,105,300,400,202,FALSE,FALSE,EPalBattleBGMType::Cute,FALSE,FALSE,150,1,2,25,90,1,TRUE,FALSE,0,FALSE,TRUE,100,50,1330,0,1,0,0,1,0,0,0,0,0,0,1,0,None,None,None,None,59,FALSE,
61,Vanwyrm,BirdDragon,,None,None,None,TRUE,EPalTribeID::BirdDragon,BirdDragon,71,,EPalSizeType::L,4,EPalElementType::Fire,EPalElementType::Dark,EPalGenusCategoryType::Bird,EPalOrganizationType::None,EPalWeaponType::None,FALSE,90,100,115,90,100,100,1,1,1,4360,Warlike,None,100,350,700,850,475,FALSE,FALSE,EPalBattleBGMType::Cool,FALSE,FALSE,400,1,6,25,90,1,FALSE,TRUE,5,TRUE,TRUE,150,50,660,1,0,0,0,0,0,0,0,0,0,0,3,0,None,None,None,None,60,FALSE,
62,Vanwyrm Cryst,BirdDragon_Ice,,None,None,None,TRUE,EPalTribeID::BirdDragon_Ice,BirdDragon_Ice,71,B,EPalSizeType::L,5,EPalElementType::Ice,EPalElementType::Dark,EPalGenusCategoryType::Bird,EPalOrganizationType::None,EPalWeaponType::None,FALSE,90,100,120,95,100,100,1,1,1,4610,Warlike,None,100,350,700,850,475,FALSE,FALSE,EPalBattleBGMType::Cool,FALSE,FALSE,400,1,6,25,90,1,FALSE,TRUE,5,TRUE,TRUE,150,50,620,0,0,0,0,0,0,0,0,0,0,2,3,0,None,None,None,None,61,TRUE,
63,Chikipi,ChickenPal,,None,None,None,TRUE,EPalTribeID::ChickenPal,ChickenPal,3,,EPalSizeType::XS,1,EPalElementType::Normal,EPalElementType::None,EPalGenusCategoryType::Bird,EPalOrganizationType::None,EPalWeaponType::None,FALSE,60,70,60,60,70,100,2,1.5,1,1000,Friendly,None,50,50,375,550,212,FALSE,FALSE,EPalBattleBGMType::Cute,FALSE,FALSE,100,1,1,25,90,1,TRUE,FALSE,0,FALSE,TRUE,100,50,1500,0,0,0,0,0,1,0,0,0,0,0,0,1,None,None,None,None,62,FALSE,
64,Dinossom,FlowerDinosaur,,None,None,None,TRUE,EPalTribeID::FlowerDinosaur,FlowerDinosaur,64,,EPalSizeType::L,6,EPalElementType::Leaf,EPalElementType::Dragon,EPalGenusCategoryType::Humanoid,EPalOrganizationType::None,EPalWeaponType::None,FALSE,110,90,85,90,150,100,1,1,1,3240,Friendly,None,70,120,550,700,335,FALSE,FALSE,EPalBattleBGMType::Cute,FALSE,FALSE,400,1,6,25,90,1,FALSE,FALSE,5,FALSE,TRUE,100,50,820,0,0,2,0,0,0,3,0,0,0,0,0,0,None,None,None,None,63,FALSE,
65,Dinossom Lux,FlowerDinosaur_Electric,,None,None,None,TRUE,EPalTribeID::FlowerDinosaur_Electric,FlowerDinosaur_Electric,64,B,EPalSizeType::L,7,EPalElementType::Electricity,EPalElementType::Dragon,EPalGenusCategoryType::Humanoid,EPalOrganizationType::None,EPalWeaponType::None,FALSE,110,90,90,90,150,100,1,1,1,3380,Friendly,None,70,120,550,700,335,FALSE,FALSE,EPalBattleBGMType::Cute,FALSE,FALSE,400,1,6,25,90,1,FALSE,FALSE,5,FALSE,TRUE,100,50,810,0,0,0,2,0,0,2,0,0,0,0,0,0,None,None,None,None,64,TRUE,
66,Sparkit,ElecCat,,None,None,None,TRUE,EPalTribeID::ElecCat,ElecCat,7,,EPalSizeType::XS,1,EPalElementType::Electricity,EPalElementType::None,EPalGenusCategoryType::Humanoid,EPalOrganizationType::None,EPalWeaponType::None,FALSE,60,60,75,70,80,100,1.3,1.1,1,1030,Escape_to_Battle,None,40,80,350,500,270,FALSE,FALSE,EPalBattleBGMType::Cute,FALSE,FALSE,150,1,2,25,90,1,TRUE,FALSE,0,FALSE,TRUE,100,50,1410,0,0,0,1,1,0,0,0,0,0,0,1,0,None,None,None,None,65,FALSE,
67,Frostallion,IceHorse,,None,None,None,TRUE,EPalTribeID::IceHorse,IceHorse,110,B,EPalSizeType::L,20,EPalElementType::Ice,EPalElementType::None,EPalGenusCategoryType::FourLegged,EPalOrganizationType::None,EPalWeaponType::None,FALSE,140,100,140,120,70,100,1,1,1,8440,Escape_to_Battle,None,120,120,1000,1400,440,FALSE,FALSE,EPalBattleBGMType::Legend,FALSE,FALSE,475,1,7,25,90,1,FALSE,FALSE,5,FALSE,TRUE,300,50,120,0,0,0,0,0,0,0,0,0,0,4,0,0,Legend,ElementBoost_Ice_2_PAL,None,None,66,TRUE,
68,Frostallion Noct,IceHorse_Dark,,None,None,None,TRUE,EPalTribeID::IceHorse_Dark,IceHorse_Dark,110,B,EPalSizeType::L,20,EPalElementType::Dark,EPalElementType::None,EPalGenusCategoryType::FourLegged,EPalOrganizationType::None,EPalWeaponType::None,FALSE,140,100,140,135,70,100,1,1,1,8560,Escape_to_Battle,None,120,120,1000,1400,440,FALSE,FALSE,EPalBattleBGMType::Legend,FALSE,FALSE,475,1,7,25,90,1,FALSE,TRUE,5,FALSE,TRUE,300,50,100,0,0,0,0,0,4,0,0,0,0,0,0,0,Legend,None,None,None,67,TRUE,
69,Mammorest,GrassMammoth,,None,None,None,TRUE,EPalTribeID::GrassMammoth,GrassMammoth,90,,EPalSizeType::XL,8,EPalElementType::Leaf,EPalElementType::None,EPalGenusCategoryType::FourLegged,EPalOrganizationType::None,EPalWeaponType::None,FALSE,150,100,85,90,30,100,1,1,1,9450,NotInterested,None,100,135,430,600,282,FALSE,FALSE,EPalBattleBGMType::Cool,FALSE,FALSE,525,1,8,25,90,1,FALSE,FALSE,5,FALSE,TRUE,100,50,300,0,0,2,0,0,0,2,2,0,0,0,0,0,None,None,None,None,68,FALSE,
70,Mammorest Cryst,GrassMammoth_Ice,,None,None,None,TRUE,EPalTribeID::GrassMammoth_Ice,GrassMammoth_Ice,90,B,EPalSizeType::XL,9,EPalElementType::Ice,EPalElementType::None,EPalGenusCategoryType::FourLegged,EPalOrganizationType::None,EPalWeaponType::None,FALSE,150,100,85,90,30,100,1,1,1,9580,NotInterested,None,100,135,430,600,282,FALSE,FALSE,EPalBattleBGMType::Cool,FALSE,FALSE,525,1,8,25,90,1,FALSE,FALSE,5,FALSE,TRUE,100,50,290,0,0,0,0,0,0,2,2,0,0,2,0,0,None,None,None,None,69,TRUE,
71,Felbat,CatVampire,,None,None,None,TRUE,EPalTribeID::CatVampire,CatVampire,94,,EPalSizeType::M,6,EPalElementType::Dark,EPalElementType::None,EPalGenusCategoryType::Humanoid,EPalOrganizationType::None,EPalWeaponType::None,FALSE,100,100,105,110,110,100,1,1,1,2100,Warlike,None,60,100,550,700,325,FALSE,FALSE,EPalBattleBGMType::Cute,FALSE,FALSE,350,1,5,25,90,1,FALSE,TRUE,5,FALSE,TRUE,100,50,1010,0,0,0,0,0,0,0,0,0,3,0,0,0,None,None,None,None,70,FALSE,
72,Broncherry,SakuraSaurus,,None,None,None,TRUE,EPalTribeID::SakuraSaurus,SakuraSaurus,86,,EPalSizeType::XL,7,EPalElementType::Leaf,EPalElementType::None,EPalGenusCategoryType::FourLegged,EPalOrganizationType::None,EPalWeaponType::None,FALSE,120,80,90,100,120,100,1,1,1,2920,NotInterested,None,50,75,350,500,200,FALSE,FALSE,EPalBattleBGMType::Cute,FALSE,FALSE,475,1,7,25,90,1,FALSE,FALSE,5,FALSE,TRUE,100,50,860,0,0,3,0,0,0,0,0,0,0,0,0,0,None,None,None,None,71,FALSE,
73,Broncherry Aqua,SakuraSaurus_Water,,None,None,None,TRUE,EPalTribeID::SakuraSaurus_Water,SakuraSaurus_Water,86,B,EPalSizeType::XL,8,EPalElementType::Leaf,EPalElementType::Water,EPalGenusCategoryType::FourLegged,EPalOrganizationType::None,EPalWeaponType::None,FALSE,120,80,95,100,120,100,1,1,1,3110,NotInterested,None,50,75,350,500,200,FALSE,FALSE,EPalBattleBGMType::Cute,FALSE,FALSE,475,1,7,25,90,1,FALSE,FALSE,5,FALSE,TRUE,100,50,840,0,3,0,0,0,0,0,0,0,0,0,0,0,None,None,None,None,72,TRUE,
74,Faleris,Horus,,None,None,None,TRUE,EPalTribeID::Horus,Horus,105,B,EPalSizeType::L,9,EPalElementType::Fire,EPalElementType::None,EPalGenusCategoryType::Bird,EPalOrganizationType::None,EPalWeaponType::None,FALSE,100,100,105,110,90,100,1,1,1,6720,Warlike,None,150,200,1000,1200,500,FALSE,FALSE,EPalBattleBGMType::Strong,FALSE,FALSE,525,1,8,25,90,1,FALSE,FALSE,5,FALSE,TRUE,230,50,370,3,0,0,0,0,0,0,0,0,0,0,3,0,None,None,None,None,73,TRUE,
75,Blazamut,KingBahamut,,None,None,None,TRUE,EPalTribeID::KingBahamut,KingBahamut,96,,EPalSizeType::XL,9,EPalElementType::Fire,EPalElementType::None,EPalGenusCategoryType::FourLegged,EPalOrganizationType::None,EPalWeaponType::None,FALSE,100,150,125,120,50,100,1,1,1,10520,Warlike,None,150,400,700,900,500,FALSE,FALSE,EPalBattleBGMType::Strong,FALSE,FALSE,600,1,9,25,90,1,FALSE,FALSE,5,FALSE,TRUE,100,50,10,3,0,0,0,0,0,0,4,0,0,0,0,0,ElementBoost_Fire_2_PAL,None,None,None,74,FALSE,
76,Caprity,BerryGoat,,None,None,None,TRUE,EPalTribeID::BerryGoat,BerryGoat,35,,EPalSizeType::S,3,EPalElementType::Leaf,EPalElementType::None,EPalGenusCategoryType::FourLegged,EPalOrganizationType::None,EPalWeaponType::None,FALSE,100,70,70,90,120,100,1,1,1,2510,Escape_to_Battle,None,70,70,400,550,235,FALSE,FALSE,EPalBattleBGMType::Cute,FALSE,FALSE,300,1,4,25,90,1,FALSE,FALSE,0,FALSE,TRUE,100,50,930,0,0,2,0,0,0,0,0,0,0,0,0,1,None,None,None,None,75,FALSE,
77,Reindrix,IceDeer,,None,None,None,TRUE,EPalTribeID::IceDeer,IceDeer,59,,EPalSizeType::M,4,EPalElementType::Ice,EPalElementType::None,EPalGenusCategoryType::FourLegged,EPalOrganizationType::None,EPalWeaponType::None,FALSE,100,80,85,110,100,100,1,1,1,2800,Warlike,None,35,70,550,700,310,FALSE,FALSE,EPalBattleBGMType::Cool,FALSE,FALSE,475,1,7,25,90,1,FALSE,FALSE,0,FALSE,TRUE,100,50,880,0,0,0,0,0,0,2,0,0,0,2,0,0,None,None,None,None,76,FALSE,
78,Shadowbeak,BlackGriffon,,None,None,None,TRUE,EPalTribeID::BlackGriffon,BlackGriffon,107,B,EPalSizeType::L,10,EPalElementType::Dark,EPalElementType::None,EPalGenusCategoryType::FourLegged,EPalOrganizationType::None,EPalWeaponType::None,FALSE,120,130,120,140,90,100,1,1,1,9060,Warlike,None,80,80,850,1000,465,FALSE,FALSE,EPalBattleBGMType::Strong,FALSE,FALSE,525,1,8,25,90,1,FALSE,TRUE,5,FALSE,TRUE,250,50,60,0,0,0,0,0,1,0,0,0,0,0,0,0,None,None,None,None,77,TRUE,
79,Sibelyx,WhiteMoth,,None,None,None,TRUE,EPalTribeID::WhiteMoth,WhiteMoth,79,,EPalSizeType::L,7,EPalElementType::Ice,EPalElementType::None,EPalGenusCategoryType::Humanoid,EPalOrganizationType::None,EPalWeaponType::None,FALSE,110,90,90,100,90,100,1,1,1,5900,Escape_to_Battle,None,50,100,400,550,250,FALSE,FALSE,EPalBattleBGMType::Cool,FALSE,FALSE,350,1,5,25,90,1,FALSE,FALSE,5,FALSE,TRUE,100,50,450,0,0,0,0,0,0,0,0,0,2,2,0,1,None,None,None,None,78,FALSE,
80,Vixy,CuteFox,,None,None,None,TRUE,EPalTribeID::CuteFox,CuteFox,14,,EPalSizeType::XS,2,EPalElementType::Normal,EPalElementType::None,EPalGenusCategoryType::FourLegged,EPalOrganizationType::None,EPalWeaponType::None,FALSE,70,70,70,70,140,100,1.7,1.3,1,1000,Escape_to_Battle,None,30,60,350,450,190,FALSE,FALSE,EPalBattleBGMType::Cute,FALSE,FALSE,100,1,1,25,90,1,TRUE,FALSE,0,FALSE,TRUE,100,50,1450,0,0,0,0,0,1,0,0,0,0,0,0,1,None,None,None,None,79,FALSE,
81,Wixen,FoxMage,,None,None,None,TRUE,EPalTribeID::FoxMage,FoxMage,76,,EPalSizeType::M,6,EPalElementType::Fire,EPalElementType::None,EPalGenusCategoryType::Humanoid,EPalOrganizationType::None,EPalWeaponType::None,FALSE,90,50,110,80,120,100,1,1,1,1540,Escape_to_Battle,None,70,145,440,620,292,FALSE,FALSE,EPalBattleBGMType::Cute,FALSE,FALSE,350,1,5,25,90,1,FALSE,FALSE,5,FALSE,TRUE,100,50,1160,2,0,0,0,3,0,0,0,0,0,0,2,0,None,None,None,None,80,FALSE,
82,Lovander,PinkLizard,,None,None,None,TRUE,EPalTribeID::PinkLizard,PinkLizard,69,,EPalSizeType::L,5,EPalElementType::Normal,EPalElementType::None,EPalGenusCategoryType::Humanoid,EPalOrganizationType::None,EPalWeaponType::None,FALSE,120,70,70,70,140,100,1,1,1,2450,Warlike,None,90,170,750,850,460,FALSE,FALSE,EPalBattleBGMType::Cute,FALSE,FALSE,350,1,5,25,90,1,FALSE,TRUE,5,FALSE,TRUE,100,30,940,0,0,0,0,2,0,0,1,0,2,0,2,0,ElementResist_Normal_1_PAL,None,None,None,81,FALSE,
83,Hoocrates,WizardOwl,,None,None,None,TRUE,EPalTribeID::WizardOwl,WizardOwl,15,,EPalSizeType::XS,1,EPalElementType::Dark,EPalElementType::None,EPalGenusCategoryType::Bird,EPalOrganizationType::None,EPalWeaponType::None,FALSE,70,70,70,80,100,100,1,1,1,1050,NotInterested,None,26,70,380,550,225,FALSE,FALSE,EPalBattleBGMType::Cute,FALSE,FALSE,225,1,3,25,90,1,TRUE,TRUE,0,FALSE,TRUE,100,50,1390,0,0,0,0,0,1,0,0,0,0,0,0,0,None,None,None,None,82,FALSE,
84,Kelpsea,Kelpie,,None,None,None,TRUE,EPalTribeID::Kelpie,Kelpie,81,,EPalSizeType::XS,1,EPalElementType::Water,EPalElementType::None,EPalGenusCategoryType::Dragon,EPalOrganizationType::None,EPalWeaponType::None,FALSE,70,100,70,70,100,100,1,1,1,1260,NotInterested,None,50,100,700,900,400,FALSE,FALSE,EPalBattleBGMType::Cute,FALSE,FALSE,100,1,1,25,90,1,TRUE,FALSE,0,FALSE,TRUE,100,50,1260,0,1,0,0,0,0,0,0,0,0,0,0,0,None,None,None,None,83,FALSE,
85,Kelpsea Ignis,Kelpie_Fire,,None,None,None,TRUE,EPalTribeID::Kelpie_Fire,Kelpie_Fire,81,,EPalSizeType::XS,2,EPalElementType::Fire,EPalElementType::None,EPalGenusCategoryType::Dragon,EPalOrganizationType::None,EPalWeaponType::None,FALSE,70,100,70,70,100,100,1,1,1,1240,NotInterested,None,50,100,700,900,400,FALSE,FALSE,EPalBattleBGMType::Cute,FALSE,FALSE,100,1,1,25,90,1,TRUE,FALSE,0,FALSE,TRUE,100,50,1270,1,0,0,0,0,0,0,0,0,0,0,0,0,None,None,None,None,84,FALSE,
86,Killamari,NegativeOctopus,,None,None,None,TRUE,EPalTribeID::NegativeOctopus,NegativeOctopus,23,,EPalSizeType::XS,1,EPalElementType::Dark,EPalElementType::None,EPalGenusCategoryType::Other,EPalOrganizationType::None,EPalWeaponType::None,FALSE,60,100,60,70,100,100,1,1,1,1200,NotInterested,None,60,120,400,550,260,FALSE,FALSE,EPalBattleBGMType::Cute,FALSE,FALSE,225,1,3,25,90,1,FALSE,TRUE,0,FALSE,TRUE,100,50,1290,0,0,0,0,0,1,0,0,0,0,0,2,0,None,None,None,None,85,FALSE,
87,Mozzarina,CowPal,,None,None,None,TRUE,EPalTribeID::CowPal,CowPal,29,,EPalSizeType::S,2,EPalElementType::Normal,EPalElementType::None,EPalGenusCategoryType::FourLegged,EPalOrganizationType::None,EPalWeaponType::None,FALSE,90,100,50,80,100,100,1,1,1,2620,Escape_to_Battle,None,55,55,580,700,317,FALSE,FALSE,EPalBattleBGMType::Cute,FALSE,FALSE,225,1,3,25,90,1,FALSE,FALSE,0,FALSE,TRUE,100,20,910,0,0,0,0,0,0,0,0,0,0,0,0,1,None,None,None,None,86,FALSE,
88,Wumpo,Yeti,,None,None,None,TRUE,EPalTribeID::Yeti,Yeti,91,,EPalSizeType::L,7,EPalElementType::Ice,EPalElementType::None,EPalGenusCategoryType::Humanoid,EPalOrganizationType::None,EPalWeaponType::None,FALSE,140,100,80,100,100,100,1,1,1,5900,Warlike,None,70,100,365,550,150,FALSE,FALSE,EPalBattleBGMType::Cute,FALSE,FALSE,525,1,8,25,90,1,FALSE,FALSE,5,TRUE,TRUE,100,50,460,0,0,0,0,2,0,3,0,0,0,2,4,0,None,None,None,None,87,FALSE,
89,Wumpo Botan,Yeti_Grass,,None,None,None,TRUE,EPalTribeID::Yeti_Grass,Yeti_Grass,91,,EPalSizeType::L,8,EPalElementType::Leaf,EPalElementType::None,EPalGenusCategoryType::Humanoid,EPalOrganizationType::None,EPalWeaponType::None,FALSE,140,100,80,110,100,100,1,1,1,5700,Warlike,None,70,100,365,550,150,FALSE,FALSE,EPalBattleBGMType::Cute,FALSE,FALSE,525,1,8,25,90,1,FALSE,FALSE,5,TRUE,TRUE,100,50,480,0,0,1,0,2,0,3,0,0,0,0,4,0,None,None,None,None,88,FALSE,
90,Vaelet,VioletFairy,,None,None,None,TRUE,EPalTribeID::VioletFairy,VioletFairy,78,,EPalSizeType::M,8,EPalElementType::Leaf,EPalElementType::None,EPalGenusCategoryType::Humanoid,EPalOrganizationType::None,EPalWeaponType::None,FALSE,100,100,100,120,100,100,1,1,1,1960,Warlike,None,100,150,400,550,275,FALSE,FALSE,EPalBattleBGMType::Cute,FALSE,FALSE,225,1,3,25,90,1,FALSE,FALSE,5,FALSE,TRUE,100,50,1050,0,0,2,0,2,2,0,0,0,3,0,1,0,None,None,None,None,89,FALSE,
91,Nitewing,HawkBird,,None,None,None,TRUE,EPalTribeID::HawkBird,HawkBird,38,,EPalSizeType::L,3,EPalElementType::Normal,EPalElementType::None,EPalGenusCategoryType::Bird,EPalOrganizationType::None,EPalWeaponType::None,FALSE,100,100,95,80,100,100,1,1,1,6300,NotInterested,None,150,150,600,750,450,FALSE,FALSE,EPalBattleBGMType::Cute,FALSE,FALSE,475,1,7,25,90,1,FALSE,FALSE,3,TRUE,TRUE,100,50,420,0,0,0,0,0,2,0,0,0,0,0,0,0,None,None,None,None,90,FALSE,
92,Flopie,FlowerRabbit,,None,None,None,TRUE,EPalTribeID::FlowerRabbit,FlowerRabbit,28,,EPalSizeType::XS,1,EPalElementType::Leaf,EPalElementType::None,EPalGenusCategoryType::Humanoid,EPalOrganizationType::None,EPalWeaponType::None,FALSE,75,100,65,70,100,100,1,1,1,1220,Escape_to_Battle,None,100,100,400,550,250,FALSE,FALSE,EPalBattleBGMType::Cute,FALSE,FALSE,225,1,3,25,90,1,FALSE,FALSE,0,FALSE,TRUE,100,50,1280,0,0,1,0,1,1,0,0,0,1,0,1,0,None,None,None,None,91,FALSE,
93,Lyleen,LilyQueen,,None,None,None,TRUE,EPalTribeID::LilyQueen,LilyQueen,104,B,EPalSizeType::L,9,EPalElementType::Leaf,EPalElementType::None,EPalGenusCategoryType::Humanoid,EPalOrganizationType::None,EPalWeaponType::None,FALSE,110,100,110,105,100,100,1,1,1,7160,NotInterested,None,60,100,450,550,275,FALSE,FALSE,EPalBattleBGMType::Strong,FALSE,FALSE,400,1,6,25,90,1,FALSE,FALSE,5,FALSE,TRUE,100,30,250,0,0,4,0,3,2,0,0,0,3,0,0,0,ElementBoost_Leaf_2_PAL,None,None,None,92,TRUE,
94,Lyleen Noct,LilyQueen_Dark,,None,None,None,TRUE,EPalTribeID::LilyQueen_Dark,LilyQueen_Dark,104,B,EPalSizeType::L,10,EPalElementType::Dark,EPalElementType::None,EPalGenusCategoryType::Humanoid,EPalOrganizationType::None,EPalWeaponType::None,FALSE,110,100,110,115,100,100,1,1,1,7610,NotInterested,None,60,100,450,550,275,FALSE,FALSE,EPalBattleBGMType::Strong,FALSE,FALSE,400,1,6,25,90,1,FALSE,FALSE,5,FALSE,TRUE,100,30,210,0,0,0,0,3,2,0,0,0,3,0,0,0,None,None,None,None,93,TRUE,
95,Elizabee,QueenBee,,None,None,None,TRUE,EPalTribeID::QueenBee,QueenBee,51,,EPalSizeType::L,8,EPalElementType::Leaf,EPalElementType::None,EPalGenusCategoryType::Humanoid,EPalOrganizationType::None,EPalWeaponType::None,FALSE,90,100,105,100,100,100,1,1,1,6830,Warlike,None,150,250,450,550,350,FALSE,FALSE,EPalBattleBGMType::Cool,FALSE,FALSE,475,1,7,25,90,1,FALSE,FALSE,5,FALSE,TRUE,100,10,330,0,0,2,0,2,2,1,0,0,2,0,0,0,None,None,None,None,94,FALSE,
96,Beegarde,SoldierBee,,None,None,None,TRUE,EPalTribeID::SoldierBee,SoldierBee,50,,EPalSizeType::M,4,EPalElementType::Leaf,EPalElementType::None,EPalGenusCategoryType::Humanoid,EPalOrganizationType::None,EPalWeaponType::None,FALSE,80,100,90,90,100,100,1,1,1,1880,Warlike,None,125,250,450,550,350,FALSE,FALSE,EPalBattleBGMType::Cute,FALSE,FALSE,225,1,3,25,90,1,FALSE,FALSE,1,FALSE,TRUE,100,10,1070,0,0,1,0,1,1,1,0,0,1,0,2,1,None,None,None,None,95,FALSE,
97,Tombat,CatBat,,None,None,None,TRUE,EPalTribeID::CatBat,CatBat,68,,EPalSizeType::M,5,EPalElementType::Dark,EPalElementType::None,EPalGenusCategoryType::Humanoid,EPalOrganizationType::None,EPalWeaponType::None,FALSE,95,100,95,80,100,100,1,1,1,3810,Warlike,None,80,140,400,550,270,FALSE,FALSE,EPalBattleBGMType::Cute,FALSE,FALSE,350,1,5,25,90,1,FALSE,TRUE,3,FALSE,TRUE,100,50,750,0,0,0,0,0,2,0,2,0,0,0,2,0,None,None,None,None,96,FALSE,
98,Mossanda,GrassPanda,,None,None,None,TRUE,EPalTribeID::GrassPanda,GrassPanda,33,,EPalSizeType::L,6,EPalElementType::Leaf,EPalElementType::None,EPalGenusCategoryType::Humanoid,EPalOrganizationType::None,EPalWeaponType::None,FALSE,100,100,90,90,100,100,1,1,1,6200,Warlike,None,50,100,500,700,275,FALSE,FALSE,EPalBattleBGMType::Cool,FALSE,FALSE,350,1,5,25,90,1,FALSE,FALSE,3,FALSE,TRUE,100,50,430,0,0,2,0,2,0,2,0,0,0,0,3,0,None,None,None,None,97,FALSE,
99,Mossanda Lux,GrassPanda_Electric,,None,None,None,TRUE,EPalTribeID::GrassPanda_Electric,GrassPanda_Electric,33,B,EPalSizeType::L,7,EPalElementType::Electricity,EPalElementType::None,EPalGenusCategoryType::Humanoid,EPalOrganizationType::None,EPalWeaponType::None,FALSE,100,100,100,100,100,100,1,1,1,6610,Warlike,None,50,100,500,700,275,FALSE,FALSE,EPalBattleBGMType::Cool,FALSE,FALSE,350,1,5,25,90,1,FALSE,FALSE,3,FALSE,TRUE,100,50,390,0,0,0,2,2,0,2,0,0,0,0,3,0,None,None,None,None,98,TRUE,
100,Arsox,FlameBuffalo,,None,None,None,TRUE,EPalTribeID::FlameBuffalo,FlameBuffalo,42,,EPalSizeType::M,4,EPalElementType::Fire,EPalElementType::None,EPalGenusCategoryType::FourLegged,EPalOrganizationType::None,EPalWeaponType::None,FALSE,85,100,95,95,100,100,1,1,1,3520,Warlike,None,87,87,600,800,343,FALSE,FALSE,EPalBattleBGMType::Cool,FALSE,FALSE,350,1,5,25,90,1,FALSE,FALSE,3,FALSE,TRUE,100,50,790,2,0,0,0,0,0,1,0,0,0,0,0,0,None,None,None,None,99,FALSE,
101,Rayhound,ThunderDog,,None,None,None,TRUE,EPalTribeID::ThunderDog,ThunderDog,60,,EPalSizeType::M,5,EPalElementType::Electricity,EPalElementType::None,EPalGenusCategoryType::FourLegged,EPalOrganizationType::None,EPalWeaponType::None,FALSE,90,100,100,80,100,100,1,1,1,3880,Warlike,None,110,210,700,1050,455,FALSE,FALSE,EPalBattleBGMType::Cute,FALSE,FALSE,350,1,5,25,90,1,FALSE,FALSE,3,TRUE,TRUE,100,50,740,0,0,0,2,0,0,0,0,0,0,0,0,0,None,None,None,None,100,FALSE,
102,Fuddler,CuteMole,,None,None,None,TRUE,EPalTribeID::CuteMole,CuteMole,22,,EPalSizeType::XS,1,EPalElementType::Earth,EPalElementType::None,EPalGenusCategoryType::Humanoid,EPalOrganizationType::None,EPalWeaponType::None,FALSE,65,100,80,50,100,100,1,1,1,1360,Escape_to_Battle,None,30,60,300,550,240,FALSE,FALSE,EPalBattleBGMType::Cute,FALSE,FALSE,150,1,2,25,90,1,TRUE,FALSE,0,FALSE,TRUE,100,50,1220,0,0,0,0,1,0,0,1,0,0,0,1,0,None,None,None,None,101,FALSE,
103,Astegon,BlackMetalDragon,,None,None,None,TRUE,EPalTribeID::BlackMetalDragon,BlackMetalDragon,98,,EPalSizeType::XL,9,EPalElementType::Dragon,EPalElementType::Dark,EPalGenusCategoryType::Monster,EPalOrganizationType::None,EPalWeaponType::None,FALSE,100,100,125,125,100,100,1,1,1,8200,Warlike,None,100,150,600,800,375,FALSE,FALSE,EPalBattleBGMType::Strong,FALSE,FALSE,600,1,9,25,90,1,FALSE,TRUE,5,FALSE,TRUE,300,50,150,0,0,0,0,1,0,0,4,3,0,0,0,0,Deffence_up1,None,None,None,102,FALSE,
104,Verdash,GrassRabbitMan,,None,None,None,TRUE,EPalTribeID::GrassRabbitMan,GrassRabbitMan,77,,EPalSizeType::M,8,EPalElementType::Leaf,EPalElementType::None,EPalGenusCategoryType::Humanoid,EPalOrganizationType::None,EPalWeaponType::None,FALSE,90,100,115,90,100,100,1,1,1,2200,Warlike,None,50,195,500,700,275,FALSE,FALSE,EPalBattleBGMType::Cute,FALSE,FALSE,225,1,3,25,90,1,FALSE,FALSE,5,FALSE,TRUE,100,50,990,0,0,2,0,3,3,2,0,0,0,0,2,0,None,None,None,None,103,FALSE,
105,Foxcicle,IceFox,,None,None,None,TRUE,EPalTribeID::IceFox,IceFox,57,,EPalSizeType::S,5,EPalElementType::Ice,EPalElementType::None,EPalGenusCategoryType::FourLegged,EPalOrganizationType::None,EPalWeaponType::None,FALSE,90,100,95,105,100,100,1,1,1,3730,Warlike,None,65,130,600,750,315,FALSE,FALSE,EPalBattleBGMType::Cute,FALSE,FALSE,225,1,3,25,90,1,FALSE,FALSE,3,FALSE,TRUE,100,50,760,0,0,0,0,0,0,0,0,0,0,2,0,0,None,None,None,None,104,FALSE,
106,Jetragon,JetDragon,,None,None,None,TRUE,EPalTribeID::JetDragon,JetDragon,111,B,EPalSizeType::XL,20,EPalElementType::Dragon,EPalElementType::None,EPalGenusCategoryType::Dragon,EPalOrganizationType::None,EPalWeaponType::None,FALSE,110,100,140,110,100,100,1,1,1,8680,Warlike,None,600,800,1700,3300,1250,FALSE,FALSE,EPalBattleBGMType::Legend,FALSE,FALSE,600,1,9,25,90,1,FALSE,FALSE,5,FALSE,TRUE,100,50,90,0,0,0,0,0,3,0,0,3,0,0,0,0,Legend,ElementBoost_Dragon_2_PAL,None,None,105,TRUE,
107,Daedream,DreamDemon,,None,None,None,TRUE,EPalTribeID::DreamDemon,DreamDemon,19,,EPalSizeType::XS,1,EPalElementType::Dark,EPalElementType::None,EPalGenusCategoryType::Humanoid,EPalOrganizationType::None,EPalWeaponType::None,FALSE,70,100,75,60,100,100,1,1,1,1330,Friendly,None,70,140,300,550,220,FALSE,FALSE,EPalBattleBGMType::Cute,FALSE,FALSE,225,1,3,25,90,1,FALSE,TRUE,0,FALSE,TRUE,100,50,1230,0,0,0,0,1,1,0,0,0,0,0,1,0,None,None,None,None,106,FALSE,
108,Tanzee,Monkey,,None,None,None,TRUE,EPalTribeID::Monkey,Monkey,8,,EPalSizeType::XS,1,EPalElementType::Leaf,EPalElementType::None,EPalGenusCategoryType::Humanoid,EPalOrganizationType::None,EPalWeaponType::None,FALSE,80,100,70,70,100,100,1.2,1.1,1,1280,Escape_to_Battle,None,48,48,300,400,174,FALSE,FALSE,EPalBattleBGMType::Cute,FALSE,FALSE,150,1,2,25,90,1,TRUE,FALSE,0,FALSE,TRUE,100,50,1250,0,0,1,0,1,1,1,0,0,0,0,1,0,None,None,None,None,107,FALSE,
109,Blazehowl,Manticore,,None,None,None,TRUE,EPalTribeID::Manticore,Manticore,84,,EPalSizeType::L,7,EPalElementType::Fire,EPalElementType::None,EPalGenusCategoryType::FourLegged,EPalOrganizationType::None,EPalWeaponType::None,FALSE,105,100,110,80,100,100,1,1,1,4040,Warlike,None,90,180,750,900,465,FALSE,FALSE,EPalBattleBGMType::Strong,FALSE,FALSE,475,1,7,25,90,1,FALSE,FALSE,5,TRUE,TRUE,100,50,710,3,0,0,0,0,0,2,0,0,0,0,0,0,None,None,None,None,108,FALSE,
110,Blazehowl Noct,Manticore_Dark,,None,None,None,TRUE,EPalTribeID::Manticore_Dark,Manticore_Dark,84,B,EPalSizeType::L,8,EPalElementType::Fire,EPalElementType::Dark,EPalGenusCategoryType::FourLegged,EPalOrganizationType::None,EPalWeaponType::None,FALSE,105,100,115,80,100,100,1,1,1,4360,Warlike,None,60,90,750,900,420,FALSE,FALSE,EPalBattleBGMType::Strong,FALSE,FALSE,475,1,7,25,90,1,FALSE,TRUE,5,TRUE,TRUE,100,50,670,3,0,0,0,0,0,2,0,0,0,0,0,0,None,None,None,None,109,TRUE,
111,Kingpaca,KingAlpaca,,None,None,None,TRUE,EPalTribeID::KingAlpaca,KingAlpaca,89,,EPalSizeType::XL,8,EPalElementType::Normal,EPalElementType::None,EPalGenusCategoryType::FourLegged,EPalOrganizationType::None,EPalWeaponType::None,FALSE,120,100,85,90,100,100,1,1,1,5800,Escape_to_Battle,None,80,80,500,700,290,FALSE,FALSE,EPalBattleBGMType::Cool,FALSE,FALSE,475,1,7,25,90,1,FALSE,FALSE,5,FALSE,TRUE,100,90,470,0,0,0,0,0,1,0,0,0,0,0,0,0,None,None,None,None,110,FALSE,
112,Ice Kingpaca,KingAlpaca_Ice,,None,None,None,TRUE,EPalTribeID::KingAlpaca_Ice,KingAlpaca_Ice,89,B,EPalSizeType::XL,9,EPalElementType::Ice,EPalElementType::None,EPalGenusCategoryType::FourLegged,EPalOrganizationType::None,EPalWeaponType::None,FALSE,120,100,85,90,100,100,1,1,1,6100,Escape_to_Battle,None,80,80,500,700,290,FALSE,FALSE,EPalBattleBGMType::Cool,FALSE,FALSE,475,1,7,25,90,1,FALSE,FALSE,5,FALSE,TRUE,100,90,440,0,0,0,0,0,1,0,0,0,0,3,0,0,None,None,None,None,111,TRUE,
113,Gumoss,PlantSlime,,None,None,None,TRUE,EPalTribeID::PlantSlime,PlantSlime,13,,EPalSizeType::XS,1,EPalElementType::Leaf,EPalElementType::Earth,EPalGenusCategoryType::Other,EPalOrganizationType::None,EPalWeaponType::None,FALSE,70,100,70,70,100,100,1.8,1.3,1,1310,Escape_to_Battle,None,50,50,300,400,175,FALSE,FALSE,EPalBattleBGMType::Cute,FALSE,FALSE,100,1,1,25,90,1,TRUE,FALSE,0,FALSE,TRUE,100,50,1240,0,0,1,0,0,0,0,0,0,0,0,0,0,None,None,None,None,112,FALSE,
114,Gumoss (Special),PlantSlime_Flower,,PAL_NAME_PlantSlime,None,PARTNERSKILL_PlantSlime,TRUE,EPalTribeID::PlantSlime,PlantSlime_Flower,13,,EPalSizeType::XS,10,EPalElementType::Leaf,EPalElementType::Earth,EPalGenusCategoryType::Other,EPalOrganizationType::None,EPalWeaponType::None,FALSE,70,100,70,70,100,100,1.8,1.3,1,1310,Escape_to_Battle,None,50,50,300,400,175,FALSE,FALSE,EPalBattleBGMType::Cute,FALSE,FALSE,100,1,1,25,90,1,TRUE,FALSE,0,FALSE,TRUE,100,50,1240,0,0,1,0,0,0,0,0,0,0,0,0,0,None,None,None,None,113,FALSE,
115,Swee,MopBaby,,None,None,None,TRUE,EPalTribeID::MopBaby,MopBaby,53,,EPalSizeType::XS,1,EPalElementType::Ice,EPalElementType::None,EPalGenusCategoryType::Other,EPalOrganizationType::None,EPalWeaponType::None,FALSE,60,100,60,60,100,100,1.3,1.1,1,1180,Escape_to_Battle,None,55,100,250,400,175,FALSE,FALSE,EPalBattleBGMType::Cute,FALSE,FALSE,150,1,2,25,90,1,TRUE,FALSE,0,FALSE,TRUE,100,50,1300,0,0,0,0,0,1,0,0,0,0,1,0,0,None,None,None,None,114,FALSE,
116,Sweepa,MopKing,,None,None,None,TRUE,EPalTribeID::MopKing,MopKing,54,,EPalSizeType::L,6,EPalElementType::Ice,EPalElementType::None,EPalGenusCategoryType::Other,EPalOrganizationType::None,EPalWeaponType::None,FALSE,100,100,90,90,100,100,1,1,1,6400,Escape_to_Battle,None,60,120,300,500,210,FALSE,FALSE,EPalBattleBGMType::Cute,FALSE,FALSE,225,1,3,25,90,1,FALSE,FALSE,5,FALSE,TRUE,100,50,410,0,0,0,0,0,2,0,0,0,0,2,0,0,None,None,None,None,115,FALSE,
117,Katress,CatMage,,None,None,None,TRUE,EPalTribeID::CatMage,CatMage,75,,EPalSizeType::M,6,EPalElementType::Dark,EPalElementType::None,EPalGenusCategoryType::Humanoid,EPalOrganizationType::None,EPalWeaponType::None,FALSE,90,100,105,90,100,100,1,1,1,4120,Warlike,None,70,145,440,620,292,FALSE,FALSE,EPalBattleBGMType::Cute,FALSE,FALSE,350,1,5,25,90,1,FALSE,TRUE,3,FALSE,TRUE,100,50,700,0,0,0,0,2,0,0,0,0,2,0,2,0,None,None,None,None,116,FALSE,
118,Ribunny,PinkRabbit,,None,None,None,TRUE,EPalTribeID::PinkRabbit,PinkRabbit,39,,EPalSizeType::XS,1,EPalElementType::Normal,EPalElementType::None,EPalGenusCategoryType::Humanoid,EPalOrganizationType::None,EPalWeaponType::None,FALSE,75,100,65,70,100,100,1,1,1,1160,Escape_to_Battle,None,50,100,245,350,172,FALSE,FALSE,EPalBattleBGMType::Cute,FALSE,FALSE,150,1,2,25,90,1,TRUE,FALSE,0,FALSE,TRUE,100,50,1310,0,0,0,0,1,1,0,0,0,0,0,1,0,None,None,None,None,117,FALSE,
119,Beakon,ThunderBird,,None,None,None,TRUE,EPalTribeID::ThunderBird,ThunderBird,73,,EPalSizeType::L,6,EPalElementType::Electricity,EPalElementType::None,EPalGenusCategoryType::Bird,EPalOrganizationType::None,EPalWeaponType::None,FALSE,105,100,115,80,100,100,1,1,1,7490,Warlike,None,100,200,750,950,375,FALSE,FALSE,EPalBattleBGMType::Cool,FALSE,FALSE,475,1,7,25,90,1,FALSE,FALSE,5,TRUE,TRUE,160,50,220,0,0,0,2,0,1,0,0,0,0,0,3,0,None,None,None,None,118,FALSE,
120,Warsect,HerculesBeetle,,None,None,None,TRUE,EPalTribeID::HerculesBeetle,HerculesBeetle,92,,EPalSizeType::L,8,EPalElementType::Earth,EPalElementType::Leaf,EPalGenusCategoryType::Humanoid,EPalOrganizationType::None,EPalWeaponType::None,FALSE,120,100,100,120,100,100,1,1,1,6830,Warlike,None,55,110,500,600,110,FALSE,FALSE,EPalBattleBGMType::Cool,FALSE,FALSE,400,1,6,25,90,1,FALSE,FALSE,5,FALSE,TRUE,100,85,340,0,0,1,0,1,0,3,0,0,0,0,3,0,Deffence_up1,None,None,None,119,FALSE,
121,Paladius,SaintCentaur,,None,None,None,TRUE,EPalTribeID::SaintCentaur,SaintCentaur,108,B,EPalSizeType::L,20,EPalElementType::Normal,EPalElementType::None,EPalGenusCategoryType::FourLegged,EPalOrganizationType::None,EPalWeaponType::None,FALSE,130,110,120,145,100,100,1,1,1,8810,Warlike,None,50,100,800,1400,450,FALSE,FALSE,EPalBattleBGMType::Legend,FALSE,FALSE,600,1,9,25,90,1,FALSE,FALSE,5,FALSE,TRUE,100,50,80,0,0,0,0,0,0,2,2,0,0,0,0,0,Legend,ElementBoost_Normal_2_PAL,None,None,120,TRUE,
122,Nox,NightFox,,None,None,None,TRUE,EPalTribeID::NightFox,NightFox,21,,EPalSizeType::XS,6,EPalElementType::Dark,EPalElementType::None,EPalGenusCategoryType::FourLegged,EPalOrganizationType::None,EPalWeaponType::None,FALSE,75,70,85,70,140,100,1,1,1,1480,Escape_to_Battle,None,30,60,300,500,164,FALSE,FALSE,EPalBattleBGMType::Cute,FALSE,FALSE,150,1,2,25,90,1,TRUE,FALSE,0,FALSE,TRUE,100,50,1180,0,0,0,0,0,1,0,0,0,0,0,0,0,None,None,None,None,121,FALSE,
123,Penking,CaptainPenguin,,None,None,None,TRUE,EPalTribeID::CaptainPenguin,CaptainPenguin,11,,EPalSizeType::L,6,EPalElementType::Water,EPalElementType::Ice,EPalGenusCategoryType::Humanoid,EPalOrganizationType::None,EPalWeaponType::None,FALSE,95,70,95,95,100,100,1,1,1,5410,Warlike,None,50,110,450,600,280,FALSE,FALSE,EPalBattleBGMType::Cute,FALSE,FALSE,525,1,8,25,90,1,FALSE,FALSE,3,FALSE,TRUE,100,50,520,0,2,0,0,2,0,0,2,0,0,2,2,0,None,None,None,None,122,FALSE,
124,Chillet,WeaselDragon,,None,None,None,TRUE,EPalTribeID::WeaselDragon,WeaselDragon,55,,EPalSizeType::M,4,EPalElementType::Ice,EPalElementType::Dragon,EPalGenusCategoryType::FourLegged,EPalOrganizationType::None,EPalWeaponType::None,FALSE,90,100,80,80,100,100,1,1,1,3450,Escape_to_Battle,None,100,180,600,800,390,FALSE,FALSE,EPalBattleBGMType::Cute,FALSE,FALSE,225,1,3,25,90,1,FALSE,FALSE,0,FALSE,TRUE,100,50,800,0,0,0,0,0,1,0,0,0,0,1,0,0,None,None,None,None,123,FALSE,
125,Quivern,SkyDragon,,None,None,None,TRUE,EPalTribeID::SkyDragon,SkyDragon,95,,EPalSizeType::L,7,EPalElementType::Dragon,EPalElementType::None,EPalGenusCategoryType::Dragon,EPalOrganizationType::None,EPalWeaponType::None,FALSE,105,100,100,100,100,100,1,1,1,6830,NotInterested,None,120,240,800,950,470,FALSE,FALSE,EPalBattleBGMType::Cute,FALSE,FALSE,300,1,4,25,90,1,FALSE,FALSE,5,FALSE,TRUE,220,50,350,0,0,0,0,1,2,0,2,0,0,0,3,0,None,None,None,None,124,FALSE,
126,Helzephyr,HadesBird,,None,None,None,TRUE,EPalTribeID::HadesBird,HadesBird,97,,EPalSizeType::L,7,EPalElementType::Dark,EPalElementType::None,EPalGenusCategoryType::Bird,EPalOrganizationType::None,EPalWeaponType::None,FALSE,100,100,125,100,100,100,1,1,1,7840,Warlike,None,100,100,700,900,450,FALSE,FALSE,EPalBattleBGMType::Strong,FALSE,FALSE,525,1,8,25,90,1,FALSE,TRUE,5,TRUE,TRUE,170,50,190,0,0,0,0,0,0,0,0,0,0,0,3,0,None,None,None,None,125,FALSE,
127,Ragnahawk,RedArmorBird,,None,None,None,TRUE,EPalTribeID::RedArmorBird,RedArmorBird,74,,EPalSizeType::L,7,EPalElementType::Fire,EPalElementType::None,EPalGenusCategoryType::Bird,EPalOrganizationType::None,EPalWeaponType::None,FALSE,95,100,105,120,100,100,1,1,1,6720,Warlike,None,100,200,800,1000,375,FALSE,FALSE,EPalBattleBGMType::Strong,FALSE,FALSE,475,1,7,25,90,1,FALSE,FALSE,5,TRUE,TRUE,150,50,380,3,0,0,0,0,0,0,0,0,0,0,3,0,None,None,None,None,126,FALSE,
128,Bushi,Ronin,,None,None,None,TRUE,EPalTribeID::Ronin,Ronin,72,,EPalSizeType::M,7,EPalElementType::Fire,EPalElementType::None,EPalGenusCategoryType::Humanoid,EPalOrganizationType::None,EPalWeaponType::None,FALSE,80,100,125,80,100,100,1,1,1,4520,Warlike,None,80,160,600,900,320,FALSE,FALSE,EPalBattleBGMType::Cool,FALSE,FALSE,300,1,4,25,90,1,FALSE,FALSE,5,FALSE,TRUE,100,50,640,2,0,0,0,1,1,3,0,0,0,0,2,0,None,None,None,None,127,FALSE,
129,Celaray,FlyingManta,,None,None,None,TRUE,EPalTribeID::FlyingManta,FlyingManta,25,,EPalSizeType::M,3,EPalElementType::Water,EPalElementType::None,EPalGenusCategoryType::Other,EPalOrganizationType::None,EPalWeaponType::None,FALSE,80,100,70,80,100,100,1.2,1.1,1,2860,Escape_to_Battle,None,30,150,550,700,350,FALSE,FALSE,EPalBattleBGMType::Cute,FALSE,FALSE,225,1,3,25,90,1,FALSE,FALSE,0,FALSE,TRUE,100,50,870,0,1,0,0,0,0,0,0,0,0,0,1,0,None,None,None,None,128,FALSE,
130,Necromus,BlackCentaur,,None,None,None,TRUE,EPalTribeID::BlackCentaur,BlackCentaur,109,B,EPalSizeType::L,20,EPalElementType::Dark,EPalElementType::None,EPalGenusCategoryType::FourLegged,EPalOrganizationType::None,EPalWeaponType::None,FALSE,130,100,145,120,100,100,1,1,1,8930,Warlike,None,100,350,900,1600,625,FALSE,FALSE,EPalBattleBGMType::Legend,FALSE,FALSE,600,1,9,25,90,1,FALSE,TRUE,5,FALSE,TRUE,100,50,70,0,0,0,0,0,0,2,2,0,0,0,0,0,Legend,ElementBoost_Dark_2_PAL,None,None,129,TRUE,
131,Petallia,FlowerDoll,,None,None,None,TRUE,EPalTribeID::FlowerDoll,FlowerDoll,87,,EPalSizeType::M,8,EPalElementType::Leaf,EPalElementType::None,EPalGenusCategoryType::Humanoid,EPalOrganizationType::None,EPalWeaponType::None,FALSE,100,100,95,100,100,100,1,1,1,3590,Escape_to_Battle,None,100,150,550,700,350,FALSE,FALSE,EPalBattleBGMType::Cute,FALSE,FALSE,225,1,3,25,90,1,FALSE,FALSE,3,FALSE,TRUE,100,50,780,0,0,3,0,2,2,0,0,0,2,0,1,0,None,None,None,None,130,FALSE,
132,Grintale,NaughtyCat,,None,None,None,TRUE,EPalTribeID::NaughtyCat,NaughtyCat,52,,EPalSizeType::L,6,EPalElementType::Normal,EPalElementType::None,EPalGenusCategoryType::FourLegged,EPalOrganizationType::None,EPalWeaponType::None,FALSE,110,100,80,80,100,100,1,1,1,5510,Friendly,None,32,64,600,800,332,FALSE,FALSE,EPalBattleBGMType::Cute,FALSE,FALSE,300,1,4,25,90,1,FALSE,FALSE,1,FALSE,TRUE,100,50,510,0,0,0,0,0,2,0,0,0,0,0,0,0,None,None,None,None,131,FALSE,
133,Cinnamoth,CuteButterfly,,None,None,None,TRUE,EPalTribeID::CuteButterfly,CuteButterfly,41,,EPalSizeType::M,4,EPalElementType::Leaf,EPalElementType::None,EPalGenusCategoryType::Bird,EPalOrganizationType::None,EPalWeaponType::None,FALSE,70,100,80,80,100,100,1,1,1,5700,Escape_to_Battle,None,30,150,550,700,350,FALSE,FALSE,EPalBattleBGMType::Cute,FALSE,FALSE,225,1,3,25,90,1,FALSE,FALSE,0,FALSE,TRUE,100,50,490,0,0,2,0,0,0,0,0,0,1,0,0,0,None,None,None,None,132,FALSE,
134,Menasting,DarkScorpion,,None,None,None,TRUE,EPalTribeID::DarkScorpion,DarkScorpion,99,,EPalSizeType::L,9,EPalElementType::Dark,EPalElementType::Earth,EPalGenusCategoryType::Other,EPalOrganizationType::None,EPalWeaponType::None,FALSE,100,100,100,130,100,100,1,1,1,7050,Warlike,None,100,200,1000,1200,600,FALSE,FALSE,EPalBattleBGMType::Strong,FALSE,FALSE,475,1,7,25,90,1,FALSE,TRUE,5,TRUE,TRUE,100,50,260,0,0,0,0,0,0,2,3,0,0,0,0,0,None,None,None,None,133,FALSE,
135,Orserk,ThunderDragonMan,,None,None,None,TRUE,EPalTribeID::ThunderDragonMan,ThunderDragonMan,106,B,EPalSizeType::L,9,EPalElementType::Dragon,EPalElementType::Electricity,EPalGenusCategoryType::Humanoid,EPalOrganizationType::None,EPalWeaponType::None,FALSE,100,100,130,100,100,100,1,1,1,8320,Warlike,None,100,185,900,1200,250,FALSE,FALSE,EPalBattleBGMType::Strong,FALSE,FALSE,475,1,7,25,90,1,FALSE,FALSE,5,TRUE,TRUE,100,50,140,0,0,0,4,2,0,0,0,0,0,0,3,0,ElementBoost_Thunder_2_PAL,None,None,None,134,TRUE,
136,Cremis,WoolFox,,None,None,None,TRUE,EPalTribeID::WoolFox,WoolFox,18,,EPalSizeType::XS,1,EPalElementType::Normal,EPalElementType::None,EPalGenusCategoryType::FourLegged,EPalOrganizationType::None,EPalWeaponType::None,FALSE,70,100,70,75,100,100,1.7,1.3,1,1420,Escape_to_Battle,None,20,40,300,450,170,FALSE,FALSE,EPalBattleBGMType::Cute,FALSE,FALSE,150,1,2,25,90,1,TRUE,FALSE,0,FALSE,TRUE,100,50,1455,0,0,0,0,0,1,0,0,0,0,0,0,1,None,None,None,None,135,FALSE,
137,Dumud,LazyCatfish,,None,None,None,TRUE,EPalTribeID::LazyCatfish,LazyCatfish,43,,EPalSizeType::M,4,EPalElementType::Earth,EPalElementType::None,EPalGenusCategoryType::Fish,EPalOrganizationType::None,EPalWeaponType::None,FALSE,100,100,70,95,100,100,1,1,1,4690,NotInterested,None,100,150,450,600,300,FALSE,FALSE,EPalBattleBGMType::Cute,FALSE,FALSE,300,1,4,25,90,1,FALSE,FALSE,0,FALSE,TRUE,100,50,895,0,1,0,0,0,0,0,2,1,0,0,1,0,None,None,None,None,136,FALSE,
138,Flambelle,LavaGirl,,None,None,None,TRUE,EPalTribeID::LavaGirl,LavaGirl,70,,EPalSizeType::XS,1,EPalElementType::Fire,EPalElementType::None,EPalGenusCategoryType::Humanoid,EPalOrganizationType::None,EPalWeaponType::None,FALSE,60,100,70,80,100,100,1.3,1.1,1,2500,Escape_to_Battle,None,65,98,250,375,140,FALSE,FALSE,EPalBattleBGMType::Cute,FALSE,FALSE,150,1,2,25,90,1,TRUE,FALSE,0,FALSE,TRUE,100,50,1405,1,0,0,0,1,0,0,0,0,0,0,1,1,None,None,None,None,137,FALSE,
139,Rooby,FlameBambi,,None,None,None,TRUE,EPalTribeID::FlameBambi,FlameBambi,9,,EPalSizeType::S,2,EPalElementType::Fire,EPalElementType::None,EPalGenusCategoryType::FourLegged,EPalOrganizationType::None,EPalWeaponType::None,FALSE,75,100,70,75,100,100,1.3,1.1,1,2950,Escape_to_Battle,None,70,100,400,550,-1,FALSE,FALSE,EPalBattleBGMType::Cute,FALSE,FALSE,225,1,3,25,90,1,FALSE,FALSE,0,FALSE,TRUE,100,50,1155,1,0,0,0,0,0,0,0,0,0,0,0,0,None,None,None,None,138,FALSE,
